cluster,recency_days,frequency,monetary_value,predicted_transactions_1yr,expected_avg_profit,clv_1yr,count,percentage,value_rank,total_value,value_percentage,segment_name
0,35.137447405329596,128.61991584852734,343431.06900420756,58.24427302477793,2171.1572333105205,138076.21369798973,2139,47.5,3,295345021.1,24.5,Standard Dormant Standard
1,33.0,348.0528700906344,1598495.7990936555,174.0264350453172,4730.763379043787,799247.8995468278,662,14.7,1,529102109.5,44.0,Premium Active High-Value
2,34.863247863247864,447.1054131054131,1924437.7826210828,0.0,0.0,0.0,351,7.8,4,0.0,0.0,Standard Intermittent High-Value
3,572.1666666666666,27.333333333333332,33490.425,0.0,0.0,0.0,12,0.3,4,0.0,0.0,Basic Dormant Standard
4,33.0,294.55763473053895,567956.288997006,147.27881736526948,2119.74177348437,283978.144498503,1336,29.7,2,379394801.05,31.5,Standard Low-Activity Standard
